{
    "metadata": {
        "formatVersion": 3.1,
        "generatedBy": "Cinema 4D Exporter 0.0.3"
    },
    "vertices": [
        -9.95,
        -0.5,
        24.85,
        -9.95,
        0.5,
        24.85,
        9.95,
        -0.5,
        24.85,
        9.95,
        0.5,
        24.85,
        9.95,
        -0.5,
        -24.85,
        9.95,
        0.5,
        -24.85,
        -9.95,
        -0.5,
        -24.85,
        -9.95,
        0.5,
        -24.85
    ],
    "normals": [
        0.0,
        0.0,
        1.0,
        0.0,
        0.0,
        1.0,
        0.0,
        0.0,
        1.0,
        1.0,
        0.0,
        -0.0,
        1.0,
        0.0,
        -0.0,
        1.0,
        0.0,
        -0.0,
        0.0,
        0.0,
        -1.0,
        0.0,
        -0.0,
        -1.0,
        0.0,
        0.0,
        -1.0,
        -1.0,
        0.0,
        -0.0,
        -1.0,
        0.0,
        -0.0,
        -1.0,
        0.0,
        -0.0,
        0.0,
        1.0,
        -0.0,
        0.0,
        1.0,
        -0.0,
        0.0,
        1.0,
        -0.0,
        0.0,
        -1.0,
        -0.0,
        0.0,
        -1.0,
        -0.0,
        0.0,
        -1.0,
        -0.0,
        0.0,
        0.0,
        1.0,
        0.0,
        0.0,
        1.0,
        0.0,
        0.0,
        1.0,
        1.0,
        0.0,
        -0.0,
        1.0,
        0.0,
        -0.0,
        1.0,
        0.0,
        -0.0,
        0.0,
        0.0,
        -1.0,
        0.0,
        0.0,
        -1.0,
        0.0,
        0.0,
        -1.0,
        -1.0,
        0.0,
        -0.0,
        -1.0,
        0.0,
        -0.0,
        -1.0,
        0.0,
        -0.0,
        0.0,
        1.0,
        -0.0,
        0.0,
        1.0,
        -0.0,
        0.0,
        1.0,
        -0.0,
        0.0,
        -1.0,
        -0.0,
        0.0,
        -1.0,
        -0.0,
        0.0,
        -1.0,
        -0.0
    ],
    "uvs": [
        [
            0.0,
            1.0,
            0.401029,
            0.996856,
            0.003144,
            0.996856,
            0.003144,
            0.003144,
            0.401029,
            0.003144
        ]
    ],
    "faces": [
        40,
        3,
        1,
        0,
        0,
        0,
        0,
        0,
        1,
        2,
        40,
        5,
        3,
        2,
        0,
        0,
        0,
        3,
        4,
        5,
        40,
        7,
        5,
        4,
        0,
        0,
        0,
        6,
        7,
        8,
        40,
        1,
        7,
        6,
        0,
        0,
        0,
        9,
        10,
        11,
        40,
        5,
        7,
        1,
        1,
        2,
        3,
        12,
        13,
        14,
        40,
        2,
        0,
        6,
        0,
        0,
        0,
        15,
        16,
        17,
        40,
        2,
        3,
        0,
        0,
        0,
        0,
        18,
        19,
        20,
        40,
        4,
        5,
        2,
        0,
        0,
        0,
        21,
        22,
        23,
        40,
        6,
        7,
        4,
        0,
        0,
        0,
        24,
        25,
        26,
        40,
        0,
        1,
        6,
        0,
        0,
        0,
        27,
        28,
        29,
        40,
        3,
        5,
        1,
        4,
        1,
        3,
        30,
        31,
        32,
        40,
        4,
        2,
        6,
        0,
        0,
        0,
        33,
        34,
        35
    ]
}