{
    "metadata": {
        "version": 3.1,
        "type": "geometry",
        "generator": "Cinema 4D Exporter 0.0.3"
    },
    "vertices": [
        -180.590083,
        119.411248,
        157.656235,
        -179.977333,
        127.549224,
        151.877146,
        266.363367,
        -27.799224,
        -2.252146,
        266.976117,
        -19.661248,
        -8.031235,
        179.977333,
        -127.549224,
        -151.877146,
        180.590083,
        -119.411248,
        -157.656235,
        -266.976117,
        19.661248,
        8.031235,
        -266.363367,
        27.799224,
        2.252146
    ],
    "normals": [
        0.0,
        0.0,
        1.0,
        0.0,
        0.0,
        1.0,
        0.0,
        0.0,
        1.0,
        1.0,
        0.0,
        -0.0,
        1.0,
        0.0,
        -0.0,
        1.0,
        0.0,
        -0.0,
        0.0,
        -107374184.0,
        -1.7875,
        0.0,
        0.0,
        -1.0,
        0.0,
        -0.0,
        -1.0,
        0.0,
        0.0,
        -1.0,
        -1.0,
        0.0,
        -0.0,
        -1.0,
        0.0,
        -0.0,
        -1.0,
        0.0,
        -0.0,
        0.0,
        0.0,
        -0.0,
        0.0,
        1.0,
        -0.0,
        0.0,
        1.0,
        -0.0,
        0.0,
        1.0,
        -0.0,
        0.0,
        -1.0,
        -0.0,
        0.0,
        -1.0,
        -0.0,
        0.0,
        -1.0,
        -0.0,
        0.0,
        0.0,
        1.0,
        0.0,
        0.0,
        1.0,
        0.0,
        0.0,
        1.0,
        1.0,
        0.0,
        -0.0,
        1.0,
        0.0,
        -0.0,
        1.0,
        0.0,
        -0.0,
        0.0,
        0.0,
        -1.0,
        0.0,
        0.0,
        -1.0,
        0.0,
        0.0,
        -1.0,
        -1.0,
        0.0,
        -0.0,
        -1.0,
        0.0,
        -0.0,
        -1.0,
        0.0,
        -0.0,
        0.0,
        1.0,
        -0.0,
        0.0,
        1.0,
        -0.0,
        0.0,
        1.0,
        -0.0,
        0.0,
        -1.0,
        -0.0,
        0.0,
        -1.0,
        -0.0,
        0.0,
        -1.0,
        -0.0,
        0.0,
        4.4348364164599896e+21,
        -0.0
    ],
    "uvs": [
        [
            0.995399,
            0.17835,
            0.004601,
            0.17835,
            0.004601,
            0.158334,
            0.403923,
            0.119912,
            0.004601,
            0.119912,
            0.004601,
            0.099896,
            0.995399,
            0.149131,
            0.004601,
            0.149131,
            0.004601,
            0.129115,
            0.812447,
            0.119912,
            0.413126,
            0.119912,
            0.413126,
            0.099896,
            1.0,
            1.0,
            0.0,
            1.0,
            0.0,
            0.598592,
            0.995399,
            0.158334,
            0.403923,
            0.099896,
            0.995399,
            0.129115,
            0.812447,
            0.099896,
            1.0,
            0.598592
        ]
    ],
    "faces": [
        40,
        3,
        1,
        0,
        0,
        1,
        2,
        0,
        1,
        2,
        40,
        5,
        3,
        2,
        3,
        4,
        5,
        3,
        4,
        5,
        40,
        7,
        5,
        4,
        6,
        7,
        8,
        6,
        7,
        8,
        40,
        1,
        7,
        6,
        9,
        10,
        11,
        9,
        10,
        11,
        40,
        5,
        7,
        1,
        12,
        13,
        14,
        12,
        13,
        14,
        40,
        2,
        0,
        6,
        12,
        13,
        14,
        15,
        16,
        17,
        40,
        2,
        3,
        0,
        15,
        0,
        2,
        18,
        19,
        20,
        40,
        4,
        5,
        2,
        16,
        3,
        5,
        21,
        22,
        23,
        40,
        6,
        7,
        4,
        17,
        6,
        8,
        24,
        25,
        26,
        40,
        0,
        1,
        6,
        18,
        9,
        11,
        27,
        28,
        29,
        40,
        3,
        5,
        1,
        19,
        12,
        14,
        30,
        31,
        32,
        40,
        4,
        2,
        6,
        19,
        12,
        14,
        33,
        34,
        35
    ]
}